日期,时间,纬度方向,纬度,经度方向,经度,地面速度,海拔高度,卫星颗数,航向
2017年5月10日,9:32:38,N,40'47.533,E,111'41.856,22.6,1108m,5,253.6
2017年5月10日,9:32:39,N,40'47.532,E,111'41.852,20.9,1106m,5,254.3
2017年5月10日,9:32:39,N,40'47.532,E,111'41.852,20.9,1106m,5,254.3
2017年5月10日,9:32:41,N,40'47.557,E,111'41.837,22.8,1181m,6,252.0
2017年5月10日,9:32:42,N,40'47.563,E,111'41.830,22.6,1199m,6,255.4
2017年5月10日,9:32:43,N,40'47.561,E,111'41.826,26.3,1195m,6,257.0
2017年5月10日,9:32:44,N,40'47.560,E,111'41.821,26.9,1194m,6,258.9
2017年5月10日,9:32:45,N,40'47.559,E,111'41.815,27.2,1192m,6,260.2
2017年5月10日,9:32:46,N,40'47.560,E,111'41.810,27.0,1194m,6,259.4
2017年5月10日,9:32:47,N,40'47.558,E,111'41.806,25.7,1195m,6,252.7
2017年5月10日,9:32:48,N,40'47.558,E,111'41.800,27.2,1196m,6,257.7
2017年5月10日,9:32:49,N,40'47.555,E,111'41.796,27.6,1184m,7,259.9
2017年5月10日,9:32:50,N,40'47.551,E,111'41.791,26.9,1174m,7,258.7
2017年5月10日,9:32:51,N,40'47.549,E,111'41.787,23.9,1167m,7,254.0
2017年5月10日,9:32:52,N,40'47.547,E,111'41.783,20.6,1162m,8,254.8
2017年5月10日,9:32:53,N,40'47.548,E,111'41.779,19.8,1159m,8,259.7
2017年5月10日,9:32:54,N,40'47.547,E,111'41.776,17.8,1151m,8,273.7
2017年5月10日,9:32:55,N,40'47.547,E,111'41.771,17.2,1147m,8,298.6
2017年5月10日,9:32:56,N,40'47.549,E,111'41.769,20.4,1147m,8,327.2
2017年5月10日,9:32:57,N,40'47.552,E,111'41.767,24.3,1147m,8,338.5
2017年5月10日,9:32:58,N,40'47.556,E,111'41.766,30.2,1146m,8,341.1
2017年5月10日,9:32:59,N,40'47.560,E,111'41.764,34.3,1145m,8,340.4
2017年5月10日,9:33:0,N,40'47.565,E,111'41.762,37.2,1144m,8,339.9
2017年5月10日,9:33:1,N,40'47.571,E,111'41.759,41.1,1144m,8,339.6
2017年5月10日,9:33:2,N,40'47.577,E,111'41.757,42.0,1143m,8,339.2
2017年5月10日,9:33:3,N,40'47.583,E,111'41.754,43.2,1142m,8,338.7
2017年5月10日,9:33:4,N,40'47.589,E,111'41.751,41.7,1142m,8,339.4
2017年5月10日,9:33:5,N,40'47.595,E,111'41.748,41.1,1142m,8,339.1
2017年5月10日,9:33:6,N,40'47.601,E,111'41.746,40.6,1142m,8,339.9
2017年5月10日,9:33:7,N,40'47.607,E,111'41.743,39.6,1142m,8,340.3
2017年5月10日,9:33:8,N,40'47.613,E,111'41.741,38.2,1141m,8,341.2
2017年5月10日,9:33:9,N,40'47.618,E,111'41.738,34.8,1142m,8,342.0
2017年5月10日,9:33:10,N,40'47.623,E,111'41.737,30.6,1141m,8,342.1
2017年5月10日,9:33:11,N,40'47.627,E,111'41.735,27.4,1140m,9,342.6
2017年5月10日,9:33:12,N,40'47.631,E,111'41.734,24.4,1140m,9,342.9
2017年5月10日,9:33:13,N,40'47.634,E,111'41.733,21.5,1139m,9,343.2
2017年5月10日,9:33:14,N,40'47.637,E,111'41.732,18.0,1139m,9,343.4
2017年5月10日,9:33:15,N,40'47.639,E,111'41.731,14.8,1139m,10,343.5
2017年5月10日,9:33:16,N,40'47.641,E,111'41.730,13.1,1140m,8,343.4
2017年5月10日,9:33:17,N,40'47.643,E,111'41.730,13.0,1139m,8,343.3
2017年5月10日,9:33:18,N,40'47.645,E,111'41.729,12.4,1139m,8,343.0
2017年5月10日,9:33:19,N,40'47.646,E,111'41.728,10.4,1138m,8,343.0
2017年5月10日,9:33:20,N,40'47.647,E,111'41.728,7.2,1137m,8,338.0
2017年5月10日,9:33:21,N,40'47.648,E,111'41.727,4.4,1137m,8,338.0
2017年5月10日,9:33:22,N,40'47.648,E,111'41.727,2.6,1136m,8,338.0
2017年5月10日,9:33:23,N,40'47.648,E,111'41.727,1.7,1135m,9,338.0
2017年5月10日,9:33:24,N,40'47.648,E,111'41.727,1.7,1135m,9,338.0
2017年5月10日,9:33:25,N,40'47.617,E,111'41.721,2.0,1132m,10,338.0
2017年5月10日,9:33:26,N,40'47.617,E,111'41.720,2.0,1128m,9,338.0
2017年5月10日,9:33:27,N,40'47.617,E,111'41.721,1.9,1122m,9,338.0
2017年5月10日,9:33:28,N,40'47.618,E,111'41.722,2.4,1119m,9,338.0
2017年5月10日,9:33:29,N,40'47.618,E,111'41.722,2.8,1115m,9,338.0
2017年5月10日,9:33:30,N,40'47.618,E,111'41.723,0.0,1113m,9,338.0
2017年5月10日,9:33:31,N,40'47.617,E,111'41.726,0.0,1101m,10,338.0
2017年5月10日,9:33:32,N,40'47.616,E,111'41.728,0.0,1092m,10,338.0
2017年5月10日,9:33:33,N,40'47.617,E,111'41.734,0.0,1071m,10,338.0
2017年5月10日,9:33:34,N,40'47.617,E,111'41.736,0.0,1063m,10,338.0
2017年5月10日,9:33:35,N,40'47.617,E,111'41.736,0.2,1062m,10,338.0
2017年5月10日,9:33:36,N,40'47.618,E,111'41.736,0.4,1061m,10,338.0
2017年5月10日,9:33:37,N,40'47.618,E,111'41.736,0.6,1060m,10,338.0
2017年5月10日,9:33:38,N,40'47.619,E,111'41.735,0.6,1060m,10,338.0
2017年5月10日,9:33:39,N,40'47.620,E,111'41.735,0.2,1059m,10,338.0
2017年5月10日,9:33:40,N,40'47.620,E,111'41.735,0.0,1058m,9,338.0
2017年5月10日,9:33:41,N,40'47.621,E,111'41.735,0.0,1058m,9,338.0
2017年5月10日,9:33:42,N,40'47.621,E,111'41.735,0.0,1058m,9,338.0
2017年5月10日,9:33:43,N,40'47.621,E,111'41.735,0.0,1058m,9,338.0
2017年5月10日,9:33:44,N,40'47.621,E,111'41.735,0.0,1058m,9,338.0
2017年5月10日,9:33:45,N,40'47.621,E,111'41.735,0.0,1058m,9,338.0
2017年5月10日,9:33:46,N,40'47.621,E,111'41.735,0.0,1058m,9,338.0
2017年5月10日,9:33:47,N,40'47.621,E,111'41.735,0.0,1058m,9,338.0
2017年5月10日,9:33:48,N,40'47.621,E,111'41.735,0.0,1058m,9,338.0
2017年5月10日,9:33:49,N,40'47.621,E,111'41.735,0.0,1058m,9,338.0
2017年5月10日,9:33:50,N,40'47.621,E,111'41.735,0.0,1058m,9,338.0
2017年5月10日,9:33:51,N,40'47.621,E,111'41.735,0.0,1058m,9,338.0
2017年5月10日,9:33:52,N,40'47.621,E,111'41.735,0.0,1058m,9,338.0
2017年5月10日,9:33:53,N,40'47.621,E,111'41.735,0.0,1058m,9,338.0
2017年5月10日,9:33:54,N,40'47.621,E,111'41.735,0.0,1058m,9,338.0
2017年5月10日,9:33:55,N,40'47.621,E,111'41.735,0.0,1058m,9,338.0
2017年5月10日,9:33:56,N,40'47.621,E,111'41.735,0.0,1058m,9,338.0
2017年5月10日,9:33:57,N,40'47.621,E,111'41.735,0.0,1058m,10,338.0
2017年5月10日,9:33:58,N,40'47.621,E,111'41.735,0.0,1058m,10,338.0
2017年5月10日,9:33:59,N,40'47.621,E,111'41.735,0.0,1058m,10,338.0
2017年5月10日,9:34:0,N,40'47.621,E,111'41.735,0.0,1058m,10,338.0
2017年5月10日,9:34:1,N,40'47.621,E,111'41.735,0.0,1058m,9,338.0
2017年5月10日,9:34:2,N,40'47.621,E,111'41.735,0.0,1058m,9,338.0
2017年5月10日,9:34:3,N,40'47.621,E,111'41.735,0.0,1058m,9,338.0
2017年5月10日,9:34:4,N,40'47.621,E,111'41.735,0.0,1058m,9,338.0
2017年5月10日,9:34:5,N,40'47.621,E,111'41.735,0.0,1058m,9,338.0
2017年5月10日,9:34:6,N,40'47.621,E,111'41.735,0.0,1058m,9,338.0
2017年5月10日,9:34:7,N,40'47.621,E,111'41.735,0.0,1058m,9,338.0
2017年5月10日,9:34:8,N,40'47.621,E,111'41.735,0.0,1058m,9,338.0
2017年5月10日,9:34:9,N,40'47.622,E,111'41.734,1.1,1058m,9,338.0
2017年5月10日,9:34:10,N,40'47.622,E,111'41.734,1.5,1058m,9,338.0
2017年5月10日,9:34:11,N,40'47.623,E,111'41.734,1.9,1058m,10,338.0
2017年5月10日,9:34:12,N,40'47.623,E,111'41.734,2.4,1058m,10,338.0
2017年5月10日,9:34:13,N,40'47.623,E,111'41.734,3.1,1058m,10,338.0
2017年5月10日,9:34:14,N,40'47.624,E,111'41.734,4.3,1058m,10,338.0
2017年5月10日,9:34:15,N,40'47.624,E,111'41.733,5.7,1058m,10,339.1
2017年5月10日,9:34:16,N,40'47.626,E,111'41.733,2.8,1058m,10,340.7
2017年5月10日,9:34:17,N,40'47.626,E,111'41.733,0.0,1058m,10,340.7
2017年5月10日,9:34:18,N,40'47.627,E,111'41.733,0.0,1058m,10,340.7
2017年5月10日,9:34:19,N,40'47.627,E,111'41.733,0.0,1058m,10,340.7
2017年5月10日,9:34:20,N,40'47.627,E,111'41.733,0.0,1058m,9,340.7
2017年5月10日,9:34:21,N,40'47.627,E,111'41.733,0.0,1058m,9,340.7
2017年5月10日,9:34:22,N,40'47.627,E,111'41.733,0.0,1058m,9,340.7
2017年5月10日,9:34:23,N,40'47.627,E,111'41.733,0.0,1058m,8,340.7
2017年5月10日,9:34:24,N,40'47.627,E,111'41.733,0.0,1058m,10,340.7
2017年5月10日,9:34:25,N,40'47.627,E,111'41.733,0.0,1058m,9,340.7
2017年5月10日,9:34:26,N,40'47.627,E,111'41.733,0.0,1058m,9,340.7
2017年5月10日,9:34:27,N,40'47.627,E,111'41.733,0.0,1058m,9,340.7
2017年5月10日,9:34:28,N,40'47.627,E,111'41.733,0.0,1058m,10,340.7
2017年5月10日,9:34:29,N,40'47.627,E,111'41.733,0.0,1058m,10,340.7
2017年5月10日,9:34:30,N,40'47.627,E,111'41.733,0.0,1058m,10,340.7
2017年5月10日,9:34:31,N,40'47.627,E,111'41.733,0.0,1058m,10,340.7
2017年5月10日,9:34:32,N,40'47.627,E,111'41.733,0.0,1058m,10,340.7
2017年5月10日,9:34:33,N,40'47.627,E,111'41.733,0.0,1058m,10,340.7
2017年5月10日,9:34:34,N,40'47.627,E,111'41.733,0.0,1058m,10,340.7
2017年5月10日,9:34:35,N,40'47.627,E,111'41.733,0.0,1058m,10,340.7
2017年5月10日,9:34:36,N,40'47.627,E,111'41.733,0.0,1058m,10,340.7
2017年5月10日,9:34:37,N,40'47.627,E,111'41.733,0.7,1058m,10,340.7
2017年5月10日,9:34:38,N,40'47.627,E,111'41.733,0.7,1058m,10,340.7
2017年5月10日,9:34:39,N,40'47.627,E,111'41.733,0.7,1058m,10,340.7
2017年5月10日,9:34:40,N,40'47.627,E,111'41.733,1.1,1058m,10,337.5
2017年5月10日,9:34:41,N,40'47.627,E,111'41.733,1.1,1057m,10,349.7
2017年5月10日,9:34:42,N,40'47.627,E,111'41.733,1.7,1057m,10,348.5
2017年5月10日,9:34:43,N,40'47.627,E,111'41.733,1.7,1057m,10,347.2
2017年5月10日,9:34:44,N,40'47.628,E,111'41.732,2.0,1058m,10,348.9
2017年5月10日,9:34:45,N,40'47.628,E,111'41.732,2.8,1057m,10,340.0
2017年5月10日,9:34:46,N,40'47.628,E,111'41.732,3.5,1057m,10,341.0
2017年5月10日,9:34:47,N,40'47.629,E,111'41.731,4.6,1057m,9,341.4
2017年5月10日,9:34:48,N,40'47.630,E,111'41.731,7.6,1057m,9,339.1
2017年5月10日,9:34:49,N,40'47.631,E,111'41.729,9.4,1057m,9,337.8
2017年5月10日,9:34:50,N,40'47.633,E,111'41.729,13.0,1057m,9,337.0
2017年5月10日,9:34:51,N,40'47.635,E,111'41.727,13.7,1058m,9,336.4
2017年5月10日,9:34:52,N,40'47.637,E,111'41.726,16.3,1058m,9,335.9
2017年5月10日,9:34:53,N,40'47.640,E,111'41.724,18.0,1058m,9,335.1
2017年5月10日,9:34:54,N,40'47.642,E,111'41.722,16.9,1058m,9,334.8
2017年5月10日,9:34:55,N,40'47.645,E,111'41.721,15.6,1058m,9,335.7
2017年5月10日,9:34:56,N,40'47.647,E,111'41.720,17.2,1058m,9,337.2
2017年5月10日,9:34:57,N,40'47.649,E,111'41.719,16.3,1058m,9,338.4
2017年5月10日,9:34:58,N,40'47.651,E,111'41.718,15.7,1058m,9,340.7
2017年5月10日,9:34:59,N,40'47.654,E,111'41.717,18.5,1058m,10,343.2
2017年5月10日,9:35:0,N,40'47.657,E,111'41.716,22.0,1058m,10,345.1
2017年5月10日,9:35:1,N,40'47.660,E,111'41.715,22.8,1057m,10,345.6
2017年5月10日,9:35:2,N,40'47.664,E,111'41.714,22.2,1057m,10,346.5
2017年5月10日,9:35:3,N,40'47.667,E,111'41.713,23.9,1057m,10,345.5
2017年5月10日,9:35:4,N,40'47.670,E,111'41.711,22.8,1058m,9,343.8
2017年5月10日,9:35:5,N,40'47.674,E,111'41.709,23.0,1057m,10,342.7
2017年5月10日,9:35:6,N,40'47.677,E,111'41.708,22.4,1057m,9,342.1
2017年5月10日,9:35:7,N,40'47.680,E,111'41.707,21.9,1057m,9,341.1
2017年5月10日,9:35:8,N,40'47.683,E,111'41.705,20.9,1057m,9,340.8
2017年5月10日,9:35:9,N,40'47.686,E,111'41.704,17.6,1057m,9,341.0
2017年5月10日,9:35:10,N,40'47.688,E,111'41.704,16.5,1058m,9,340.9
2017年5月10日,9:35:11,N,40'47.690,E,111'41.703,16.7,1058m,9,341.5
2017年5月10日,9:35:12,N,40'47.693,E,111'41.702,17.4,1057m,9,342.1
2017年5月10日,9:35:13,N,40'47.695,E,111'41.701,15.4,1057m,9,343.1
2017年5月10日,9:35:14,N,40'47.697,E,111'41.701,11.1,1057m,9,342.0
2017年5月10日,9:35:15,N,40'47.699,E,111'41.700,9.8,1057m,9,341.7
2017年5月10日,9:35:16,N,40'47.700,E,111'41.700,9.1,1056m,9,343.9
2017年5月10日,9:35:17,N,40'47.701,E,111'41.699,4.4,1056m,9,343.9
2017年5月10日,9:35:18,N,40'47.702,E,111'41.700,3.7,1056m,9,343.9
2017年5月10日,9:35:19,N,40'47.702,E,111'41.700,4.3,1057m,9,343.9
2017年5月10日,9:35:20,N,40'47.703,E,111'41.701,5.7,1057m,9,333.9
2017年5月10日,9:35:21,N,40'47.704,E,111'41.700,10.6,1057m,8,334.5
2017年5月10日,9:35:22,N,40'47.706,E,111'41.700,17.4,1057m,8,335.5
2017年5月10日,9:35:23,N,40'47.710,E,111'41.699,24.3,1057m,8,336.1
2017年5月10日,9:35:24,N,40'47.713,E,111'41.698,24.3,1057m,8,336.7
2017年5月10日,9:35:25,N,40'47.716,E,111'41.697,17.0,1057m,8,339.7
2017年5月10日,9:35:26,N,40'47.718,E,111'41.696,8.3,1057m,8,347.2
2017年5月10日,9:35:27,N,40'47.719,E,111'41.696,0.0,1057m,8,347.2
2017年5月10日,9:35:28,N,40'47.719,E,111'41.696,0.0,1057m,8,347.2
2017年5月10日,9:35:29,N,40'47.719,E,111'41.695,0.0,1057m,8,347.2
2017年5月10日,9:35:30,N,40'47.719,E,111'41.695,0.0,1057m,7,347.2
2017年5月10日,9:35:31,N,40'47.719,E,111'41.695,0.0,1057m,8,347.2
2017年5月10日,9:35:32,N,40'47.719,E,111'41.695,0.0,1057m,8,347.2
2017年5月10日,9:35:33,N,40'47.719,E,111'41.695,0.0,1057m,8,347.2
2017年5月10日,9:35:34,N,40'47.719,E,111'41.695,0.0,1057m,8,347.2
2017年5月10日,9:35:35,N,40'47.719,E,111'41.695,0.0,1057m,7,347.2
2017年5月10日,9:35:36,N,40'47.719,E,111'41.695,0.0,1057m,7,347.2
2017年5月10日,9:35:37,N,40'47.719,E,111'41.695,0.0,1057m,7,347.2
2017年5月10日,9:35:38,N,40'47.719,E,111'41.695,0.0,1057m,7,347.2
2017年5月10日,9:35:39,N,40'47.719,E,111'41.695,0.0,1057m,7,347.2
2017年5月10日,9:35:40,N,40'47.719,E,111'41.695,0.0,1057m,7,347.2
2017年5月10日,9:35:41,N,40'47.719,E,111'41.695,0.0,1057m,7,347.2
2017年5月10日,9:35:42,N,40'47.719,E,111'41.695,0.0,1057m,7,347.2
2017年5月10日,9:35:43,N,40'47.719,E,111'41.695,0.0,1057m,7,347.2
2017年5月10日,9:35:44,N,40'47.719,E,111'41.695,0.0,1057m,7,347.2
2017年5月10日,9:35:45,N,40'47.719,E,111'41.695,0.0,1057m,7,347.2
2017年5月10日,9:35:46,N,40'47.719,E,111'41.695,0.0,1057m,7,347.2
2017年5月10日,9:35:47,N,40'47.719,E,111'41.695,0.0,1057m,7,347.2
2017年5月10日,9:35:48,N,40'47.719,E,111'41.695,0.0,1057m,7,347.2
2017年5月10日,9:35:49,N,40'47.719,E,111'41.695,0.0,1057m,7,347.2
2017年5月10日,9:35:50,N,40'47.719,E,111'41.695,0.0,1057m,7,347.2
2017年5月10日,9:35:51,N,40'47.719,E,111'41.695,0.0,1057m,7,347.2
2017年5月10日,9:35:52,N,40'47.719,E,111'41.695,0.0,1057m,7,347.2
2017年5月10日,9:35:53,N,40'47.719,E,111'41.695,0.0,1057m,7,347.2
2017年5月10日,9:35:54,N,40'47.719,E,111'41.695,0.0,1057m,8,347.2
2017年5月10日,9:35:55,N,40'47.719,E,111'41.695,0.0,1057m,8,347.2
2017年5月10日,9:35:56,N,40'47.719,E,111'41.695,0.0,1057m,8,347.2
2017年5月10日,9:35:57,N,40'47.719,E,111'41.695,0.0,1057m,8,347.2
2017年5月10日,9:35:58,N,40'47.719,E,111'41.695,0.0,1057m,8,347.2
2017年5月10日,9:35:59,N,40'47.719,E,111'41.695,0.0,1057m,8,347.2
2017年5月10日,9:36:0,N,40'47.719,E,111'41.695,0.0,1057m,9,347.2
2017年5月10日,9:36:1,N,40'47.719,E,111'41.695,0.0,1057m,9,347.2
2017年5月10日,9:36:2,N,40'47.719,E,111'41.695,0.0,1057m,9,347.2
2017年5月10日,9:36:3,N,40'47.719,E,111'41.695,0.0,1057m,8,347.2
2017年5月10日,9:36:4,N,40'47.719,E,111'41.695,0.0,1057m,8,347.2
2017年5月10日,9:36:5,N,40'47.719,E,111'41.695,0.0,1057m,8,347.2
2017年5月10日,9:36:6,N,40'47.719,E,111'41.695,0.0,1057m,8,347.2
2017年5月10日,9:36:7,N,40'47.719,E,111'41.695,0.0,1057m,8,347.2
2017年5月10日,9:36:8,N,40'47.719,E,111'41.695,0.0,1057m,8,347.2
2017年5月10日,9:36:9,N,40'47.719,E,111'41.695,0.0,1057m,8,347.2
2017年5月10日,9:36:10,N,40'47.719,E,111'41.695,0.0,1057m,8,347.2
2017年5月10日,9:36:11,N,40'47.719,E,111'41.695,0.0,1057m,8,347.2
2017年5月10日,9:36:12,N,40'47.719,E,111'41.695,0.0,1057m,8,347.2
2017年5月10日,9:36:13,N,40'47.719,E,111'41.695,0.0,1057m,8,347.2
2017年5月10日,9:36:14,N,40'47.719,E,111'41.695,0.0,1057m,8,347.2
2017年5月10日,9:36:15,N,40'47.719,E,111'41.695,0.0,1057m,8,347.2
2017年5月10日,9:36:16,N,40'47.719,E,111'41.695,0.0,1057m,8,347.2
2017年5月10日,9:36:17,N,40'47.719,E,111'41.695,0.0,1057m,8,347.2
2017年5月10日,9:36:18,N,40'47.719,E,111'41.695,0.0,1057m,8,347.2
2017年5月10日,9:36:19,N,40'47.719,E,111'41.695,0.0,1057m,8,347.2
2017年5月10日,9:36:20,N,40'47.719,E,111'41.695,0.0,1057m,8,347.2
2017年5月10日,9:36:21,N,40'47.719,E,111'41.695,0.0,1057m,8,347.2
2017年5月10日,9:36:22,N,40'47.719,E,111'41.695,0.0,1057m,8,347.2
2017年5月10日,9:36:23,N,40'47.719,E,111'41.695,0.0,1057m,8,347.2
2017年5月10日,9:36:24,N,40'47.719,E,111'41.695,0.0,1057m,9,347.2
2017年5月10日,9:36:25,N,40'47.719,E,111'41.695,0.0,1057m,8,347.2
2017年5月10日,9:36:26,N,40'47.719,E,111'41.695,0.0,1057m,9,347.2
2017年5月10日,9:36:27,N,40'47.719,E,111'41.695,0.0,1057m,9,347.2
2017年5月10日,9:36:28,N,40'47.719,E,111'41.695,0.0,1057m,9,347.2
2017年5月10日,9:36:29,N,40'47.719,E,111'41.695,0.0,1057m,9,347.2
2017年5月10日,9:36:30,N,40'47.719,E,111'41.695,0.0,1057m,10,347.2
2017年5月10日,9:36:31,N,40'47.719,E,111'41.695,0.0,1057m,9,347.2
2017年5月10日,9:36:32,N,40'47.719,E,111'41.695,0.0,1057m,9,347.2
2017年5月10日,9:36:33,N,40'47.719,E,111'41.695,0.0,1057m,9,347.2
2017年5月10日,9:36:34,N,40'47.719,E,111'41.695,0.0,1057m,9,347.2
2017年5月10日,9:36:35,N,40'47.719,E,111'41.695,0.0,1057m,9,347.2
2017年5月10日,9:36:36,N,40'47.719,E,111'41.695,0.0,1057m,9,347.2
2017年5月10日,9:36:37,N,40'47.719,E,111'41.695,0.0,1057m,9,347.2
2017年5月10日,9:36:38,N,40'47.719,E,111'41.695,0.0,1057m,9,347.2
2017年5月10日,9:36:39,N,40'47.719,E,111'41.695,0.0,1057m,9,347.2
2017年5月10日,9:36:40,N,40'47.719,E,111'41.695,0.0,1057m,9,347.2
2017年5月10日,9:36:41,N,40'47.719,E,111'41.695,0.0,1057m,9,347.2
2017年5月10日,9:36:42,N,40'47.719,E,111'41.695,0.0,1057m,9,347.2
2017年5月10日,9:36:43,N,40'47.719,E,111'41.695,0.0,1057m,9,347.2
2017年5月10日,9:36:44,N,40'47.719,E,111'41.695,0.0,1057m,9,347.2
2017年5月10日,9:36:45,N,40'47.719,E,111'41.695,0.0,1057m,9,347.2
2017年5月10日,9:36:46,N,40'47.719,E,111'41.695,0.0,1057m,9,347.2
2017年5月10日,9:36:47,N,40'47.719,E,111'41.695,0.0,1057m,10,347.2
2017年5月10日,9:36:48,N,40'47.719,E,111'41.695,0.0,1057m,10,347.2
2017年5月10日,9:36:49,N,40'47.719,E,111'41.695,0.0,1057m,10,347.2
2017年5月10日,9:36:50,N,40'47.719,E,111'41.695,0.0,1057m,10,347.2
2017年5月10日,9:36:51,N,40'47.719,E,111'41.695,0.0,1057m,10,347.2
2017年5月10日,9:36:52,N,40'47.719,E,111'41.695,0.0,1057m,10,347.2
2017年5月10日,9:36:53,N,40'47.719,E,111'41.695,0.0,1057m,10,347.2
2017年5月10日,9:36:54,N,40'47.719,E,111'41.695,0.0,1057m,10,347.2
2017年5月10日,9:36:55,N,40'47.719,E,111'41.695,0.0,1057m,10,347.2
2017年5月10日,9:36:56,N,40'47.719,E,111'41.695,0.0,1057m,10,347.2
2017年5月10日,9:36:57,N,40'47.719,E,111'41.695,0.0,1057m,10,347.2
2017年5月10日,9:36:58,N,40'47.719,E,111'41.695,0.0,1057m,10,347.2
2017年5月10日,9:36:59,N,40'47.719,E,111'41.695,0.0,1057m,10,347.2
2017年5月10日,9:37:0,N,40'47.719,E,111'41.695,0.0,1057m,10,347.2
2017年5月10日,9:37:1,N,40'47.719,E,111'41.695,0.0,1057m,10,347.2
2017年5月10日,9:37:2,N,40'47.719,E,111'41.695,0.0,1057m,10,347.2
2017年5月10日,9:37:3,N,40'47.719,E,111'41.695,0.0,1057m,10,347.2
2017年5月10日,9:37:4,N,40'47.719,E,111'41.695,0.0,1057m,10,347.2
2017年5月10日,9:37:5,N,40'47.722,E,111'41.691,6.5,1053m,9,343.1
2017年5月10日,9:37:6,N,40'47.724,E,111'41.690,14.4,1053m,10,342.6
2017年5月10日,9:37:7,N,40'47.726,E,111'41.688,20.4,1054m,10,339.3
2017年5月10日,9:37:8,N,40'47.730,E,111'41.687,24.1,1054m,10,340.1
2017年5月10日,9:37:9,N,40'47.733,E,111'41.685,27.4,1054m,10,339.4
2017年5月10日,9:37:10,N,40'47.737,E,111'41.682,29.4,1054m,10,338.5
2017年5月10日,9:37:11,N,40'47.742,E,111'41.680,29.6,1054m,10,337.7
2017年5月10日,9:37:12,N,40'47.746,E,111'41.678,30.0,1054m,10,338.3
2017年5月10日,9:37:13,N,40'47.750,E,111'41.676,33.0,1055m,10,338.1
2017年5月10日,9:37:14,N,40'47.755,E,111'41.673,33.5,1055m,10,338.6
2017年5月10日,9:37:15,N,40'47.760,E,111'41.670,36.3,1056m,9,338.8
2017年5月10日,9:37:16,N,40'47.765,E,111'41.668,37.6,1056m,10,338.1
2017年5月10日,9:37:17,N,40'47.770,E,111'41.665,37.2,1056m,9,338.9
2017年5月10日,9:37:18,N,40'47.776,E,111'41.663,37.0,1056m,9,340.1
2017年5月10日,9:37:19,N,40'47.781,E,111'41.660,38.5,1057m,9,341.3
2017年5月10日,9:37:20,N,40'47.787,E,111'41.658,40.4,1057m,10,342.9
2017年5月10日,9:37:21,N,40'47.793,E,111'41.656,42.4,1057m,10,344.0
2017年5月10日,9:37:22,N,40'47.800,E,111'41.653,43.5,1058m,10,343.0
2017年5月10日,9:37:23,N,40'47.806,E,111'41.650,44.1,1059m,10,343.2
2017年5月10日,9:37:24,N,40'47.813,E,111'41.648,42.8,1059m,9,343.9
2017年5月10日,9:37:25,N,40'47.818,E,111'41.646,37.2,1060m,10,345.0
2017年5月10日,9:37:26,N,40'47.823,E,111'41.645,28.3,1060m,9,346.2
2017年5月10日,9:37:27,N,40'47.827,E,111'41.644,23.2,1060m,10,346.7
2017年5月10日,9:37:28,N,40'47.830,E,111'41.642,19.4,1060m,10,345.8
2017年5月10日,9:37:29,N,40'47.832,E,111'41.641,15.4,1060m,10,344.2
2017年5月10日,9:37:30,N,40'47.834,E,111'41.640,12.8,1060m,10,342.0
2017年5月10日,9:37:31,N,40'47.836,E,111'41.639,12.2,1061m,9,339.9
2017年5月10日,9:37:32,N,40'47.838,E,111'41.638,15.9,1061m,10,337.9
2017年5月10日,9:37:33,N,40'47.840,E,111'41.637,21.9,1061m,9,337.2
2017年5月10日,9:37:34,N,40'47.844,E,111'41.635,26.9,1061m,10,337.4
2017年5月10日,9:37:35,N,40'47.848,E,111'41.633,28.5,1061m,9,338.2
2017年5月10日,9:37:36,N,40'47.853,E,111'41.630,32.4,1061m,9,339.2
2017年5月10日,9:37:37,N,40'47.857,E,111'41.628,34.1,1061m,9,339.8
2017年5月10日,9:37:38,N,40'47.862,E,111'41.626,34.1,1061m,9,340.5
2017年5月10日,9:37:39,N,40'47.867,E,111'41.623,35.2,1061m,9,341.4
2017年5月10日,9:37:40,N,40'47.873,E,111'41.621,34.6,1062m,9,342.5
2017年5月10日,9:37:41,N,40'47.878,E,111'41.619,34.6,1062m,9,343.4
2017年5月10日,9:37:42,N,40'47.883,E,111'41.617,35.7,1062m,10,343.7
2017年5月10日,9:37:43,N,40'47.889,E,111'41.615,36.7,1062m,10,343.1
2017年5月10日,9:37:44,N,40'47.894,E,111'41.612,36.1,1062m,10,341.8
2017年5月10日,9:37:45,N,40'47.899,E,111'41.610,35.2,1062m,9,340.4
2017年5月10日,9:37:46,N,40'47.904,E,111'41.607,34.6,1062m,10,339.8
2017年5月10日,9:37:47,N,40'47.909,E,111'41.605,35.2,1062m,10,339.3
2017年5月10日,9:37:48,N,40'47.914,E,111'41.603,32.4,1062m,10,339.9
2017年5月10日,9:37:49,N,40'47.919,E,111'41.601,30.7,1062m,10,340.6
2017年5月10日,9:37:50,N,40'47.923,E,111'41.599,28.7,1063m,10,340.9
2017年5月10日,9:37:51,N,40'47.927,E,111'41.597,26.7,1063m,10,340.9
2017年5月10日,9:37:52,N,40'47.930,E,111'41.594,24.6,1064m,9,340.4
2017年5月10日,9:37:53,N,40'47.934,E,111'41.593,22.8,1064m,9,339.6
2017年5月10日,9:37:54,N,40'47.937,E,111'41.591,20.6,1064m,9,339.0
2017年5月10日,9:37:55,N,40'47.939,E,111'41.590,18.1,1064m,9,338.7
2017年5月10日,9:37:56,N,40'47.942,E,111'41.589,17.6,1063m,9,338.4
2017年5月10日,9:37:57,N,40'47.945,E,111'41.587,18.9,1063m,9,344.7
2017年5月10日,9:37:58,N,40'47.947,E,111'41.587,18.5,1063m,10,344.9
2017年5月10日,9:37:59,N,40'47.950,E,111'41.586,15.9,1063m,10,347.4
2017年5月10日,9:38:0,N,40'47.952,E,111'41.586,14.6,1062m,10,354.1
2017年5月10日,9:38:1,N,40'47.955,E,111'41.585,15.9,1062m,10,353.3
2017年5月10日,9:38:2,N,40'47.957,E,111'41.584,17.2,1062m,10,352.4
2017年5月10日,9:38:3,N,40'47.959,E,111'41.583,14.8,1062m,10,351.4
2017年5月10日,9:38:4,N,40'47.961,E,111'41.582,12.8,1062m,10,350.5
2017年5月10日,9:38:5,N,40'47.963,E,111'41.582,8.3,1062m,10,349.3
2017年5月10日,9:38:6,N,40'47.964,E,111'41.581,5.9,1062m,10,345.4
2017年5月10日,9:38:7,N,40'47.964,E,111'41.582,4.1,1063m,10,345.4
2017年5月10日,9:38:8,N,40'47.965,E,111'41.581,0.2,1063m,10,345.4
2017年5月10日,9:38:9,N,40'47.965,E,111'41.581,0.0,1063m,10,345.4
2017年5月10日,9:38:10,N,40'47.966,E,111'41.580,0.0,1064m,10,345.4
2017年5月10日,9:38:11,N,40'47.966,E,111'41.580,0.0,1064m,10,345.4
2017年5月10日,9:38:12,N,40'47.966,E,111'41.580,0.0,1064m,9,345.4
2017年5月10日,9:38:13,N,40'47.966,E,111'41.580,0.0,1064m,9,345.4
2017年5月10日,9:38:14,N,40'47.966,E,111'41.580,0.0,1064m,9,345.4
2017年5月10日,9:38:15,N,40'47.966,E,111'41.580,0.0,1064m,9,345.4
2017年5月10日,9:38:16,N,40'47.966,E,111'41.580,0.0,1064m,9,345.4
2017年5月10日,9:38:17,N,40'47.966,E,111'41.580,0.0,1064m,9,345.4
2017年5月10日,9:38:18,N,40'47.966,E,111'41.580,0.0,1064m,9,345.4
2017年5月10日,9:38:19,N,40'47.967,E,111'41.580,3.0,1064m,9,345.4
2017年5月10日,9:38:20,N,40'47.967,E,111'41.579,4.6,1064m,9,345.4
2017年5月10日,9:38:21,N,40'47.969,E,111'41.579,5.4,1064m,10,337.4
2017年5月10日,9:38:22,N,40'47.970,E,111'41.579,4.1,1064m,10,340.6
2017年5月10日,9:38:23,N,40'47.970,E,111'41.578,1.5,1064m,10,341.4
2017年5月10日,9:38:24,N,40'47.970,E,111'41.578,0.0,1064m,10,341.4
2017年5月10日,9:38:25,N,40'47.971,E,111'41.578,0.0,1064m,10,341.4
2017年5月10日,9:38:26,N,40'47.971,E,111'41.578,0.0,1064m,10,341.4
2017年5月10日,9:38:27,N,40'47.971,E,111'41.578,0.0,1064m,10,341.4
2017年5月10日,9:38:28,N,40'47.971,E,111'41.578,0.0,1064m,10,341.4
2017年5月10日,9:38:29,N,40'47.971,E,111'41.578,0.0,1064m,10,341.4
2017年5月10日,9:38:30,N,40'47.971,E,111'41.578,0.0,1064m,10,341.4
2017年5月10日,9:38:31,N,40'47.971,E,111'41.578,0.0,1064m,10,341.4
2017年5月10日,9:38:32,N,40'47.971,E,111'41.578,0.0,1064m,10,341.4
2017年5月10日,9:38:33,N,40'47.971,E,111'41.578,0.0,1064m,10,341.4
2017年5月10日,9:38:34,N,40'47.971,E,111'41.578,0.0,1064m,10,341.4
2017年5月10日,9:38:35,N,40'47.971,E,111'41.578,0.0,1064m,10,341.4
2017年5月10日,9:38:36,N,40'47.971,E,111'41.578,0.0,1064m,10,341.4
2017年5月10日,9:38:37,N,40'47.972,E,111'41.578,2.2,1064m,10,335.6
2017年5月10日,9:38:38,N,40'47.972,E,111'41.578,3.0,1064m,10,338.4
2017年5月10日,9:38:39,N,40'47.973,E,111'41.578,2.6,1064m,10,345.1
2017年5月10日,9:38:40,N,40'47.973,E,111'41.577,2.8,1064m,10,344.4
2017年5月10日,9:38:41,N,40'47.974,E,111'41.577,3.1,1064m,10,343.8
2017年5月10日,9:38:42,N,40'47.974,E,111'41.577,2.8,1064m,9,346.0
2017年5月10日,9:38:43,N,40'47.975,E,111'41.577,1.9,1064m,9,348.3
2017年5月10日,9:38:44,N,40'47.975,E,111'41.577,1.3,1064m,9,356.5
2017年5月10日,9:38:45,N,40'47.975,E,111'41.577,0.7,1064m,10,356.5
2017年5月10日,9:38:46,N,40'47.975,E,111'41.577,0.7,1063m,9,356.5
2017年5月10日,9:38:47,N,40'47.975,E,111'41.577,0.9,1063m,9,351.0
2017年5月10日,9:38:48,N,40'47.976,E,111'41.577,1.3,1063m,9,338.0
2017年5月10日,9:38:49,N,40'47.976,E,111'41.577,1.9,1063m,9,334.6
2017年5月10日,9:38:50,N,40'47.976,E,111'41.577,1.1,1063m,10,351.2
2017年5月10日,9:38:51,N,40'47.976,E,111'41.577,0.0,1063m,8,351.2
2017年5月10日,9:38:52,N,40'47.976,E,111'41.577,0.0,1063m,9,351.2
2017年5月10日,9:38:53,N,40'47.976,E,111'41.577,0.0,1063m,9,351.2
2017年5月10日,9:38:54,N,40'47.976,E,111'41.577,0.0,1063m,9,351.2
2017年5月10日,9:38:55,N,40'47.976,E,111'41.577,0.0,1063m,9,351.2
2017年5月10日,9:38:56,N,40'47.976,E,111'41.577,0.0,1063m,9,351.2
2017年5月10日,9:38:57,N,40'47.976,E,111'41.577,0.0,1063m,9,351.2
2017年5月10日,9:38:58,N,40'47.976,E,111'41.577,0.0,1063m,9,351.2
2017年5月10日,9:38:59,N,40'47.976,E,111'41.577,0.0,1063m,10,351.2
2017年5月10日,9:39:0,N,40'47.976,E,111'41.577,0.0,1063m,10,351.2
2017年5月10日,9:39:1,N,40'47.976,E,111'41.577,0.0,1063m,10,351.2
2017年5月10日,9:39:2,N,40'47.976,E,111'41.577,0.0,1063m,10,351.2
2017年5月10日,9:39:3,N,40'47.976,E,111'41.577,0.0,1063m,10,351.2
2017年5月10日,9:39:4,N,40'47.976,E,111'41.577,0.0,1063m,10,351.2
2017年5月10日,9:39:5,N,40'47.976,E,111'41.577,0.0,1063m,10,351.2
2017年5月10日,9:39:6,N,40'47.976,E,111'41.577,0.0,1063m,9,351.2
2017年5月10日,9:39:7,N,40'47.976,E,111'41.577,0.0,1063m,9,351.2
2017年5月10日,9:39:8,N,40'47.976,E,111'41.577,0.0,1063m,10,351.2
2017年5月10日,9:39:9,N,40'47.976,E,111'41.577,0.0,1063m,10,351.2
2017年5月10日,9:39:10,N,40'47.976,E,111'41.577,0.0,1063m,10,351.2
2017年5月10日,9:39:11,N,40'47.976,E,111'41.577,0.0,1063m,10,351.2
2017年5月10日,9:39:12,N,40'47.976,E,111'41.577,0.0,1063m,10,351.2
2017年5月10日,9:39:13,N,40'47.977,E,111'41.576,4.6,1063m,10,323.8
2017年5月10日,9:39:14,N,40'47.978,E,111'41.575,11.1,1063m,10,324.5
2017年5月10日,9:39:15,N,40'47.981,E,111'41.574,14.8,1063m,9,325.9
2017年5月10日,9:39:16,N,40'47.983,E,111'41.573,17.0,1063m,10,326.8
2017年5月10日,9:39:17,N,40'47.986,E,111'41.572,21.9,1063m,10,328.2
2017年5月10日,9:39:18,N,40'47.990,E,111'41.570,22.8,1063m,10,329.7
2017年5月10日,9:39:19,N,40'47.993,E,111'41.569,20.6,1063m,10,331.0
2017年5月10日,9:39:20,N,40'47.996,E,111'41.567,19.6,1063m,10,332.2
2017年5月10日,9:39:21,N,40'47.998,E,111'41.566,16.5,1063m,10,333.4
2017年5月10日,9:39:22,N,40'48.000,E,111'41.565,12.8,1064m,10,334.3
2017年5月10日,9:39:23,N,40'48.002,E,111'41.564,14.4,1064m,10,335.2
2017年5月10日,9:39:24,N,40'48.005,E,111'41.562,16.9,1065m,10,336.0
2017年5月10日,9:39:25,N,40'48.007,E,111'41.560,18.3,1066m,10,336.9
2017年5月10日,9:39:26,N,40'48.010,E,111'41.559,19.1,1066m,10,337.6
2017年5月10日,9:39:27,N,40'48.013,E,111'41.557,22.6,1067m,10,339.7
2017年5月10日,9:39:28,N,40'48.016,E,111'41.555,25.4,1067m,10,340.9
2017年5月10日,9:39:29,N,40'48.020,E,111'41.554,26.9,1068m,10,341.7
2017年5月10日,9:39:30,N,40'48.024,E,111'41.552,27.0,1069m,10,342.2
2017年5月10日,9:39:31,N,40'48.028,E,111'41.550,26.1,1069m,10,342.3
2017年5月10日,9:39:31,N,40'48.028,E,111'41.550,26.1,1069m,10,342.3
2017年5月10日,9:39:32,N,40'48.031,E,111'41.549,23.0,1069m,10,341.9
2017年5月10日,9:39:33,N,40'48.034,E,111'41.547,17.6,1069m,10,341.9
2017年5月10日,9:39:34,N,40'48.037,E,111'41.546,14.4,1069m,10,341.7
2017年5月10日,9:39:35,N,40'48.039,E,111'41.545,16.1,1068m,9,342.2
2017年5月10日,9:39:36,N,40'48.042,E,111'41.544,19.4,1069m,10,342.2
2017年5月10日,9:39:37,N,40'48.045,E,111'41.543,20.2,1069m,9,341.7
2017年5月10日,9:39:38,N,40'48.047,E,111'41.541,20.7,1068m,9,340.9
2017年5月10日,9:39:39,N,40'48.051,E,111'41.540,22.4,1068m,9,339.6
2017年5月10日,9:39:40,N,40'48.054,E,111'41.538,26.9,1067m,9,338.2
2017年5月10日,9:39:41,N,40'48.058,E,111'41.535,31.1,1067m,8,337.5
2017年5月10日,9:39:42,N,40'48.063,E,111'41.533,32.2,1067m,9,338.0
2017年5月10日,9:39:44,N,40'48.072,E,111'41.529,28.5,1067m,9,339.2
2017年5月10日,9:39:45,N,40'48.076,E,111'41.527,29.8,1067m,9,341.1
2017年5月10日,9:39:46,N,40'48.081,E,111'41.526,31.7,1068m,9,343.0
2017年5月10日,9:39:46,N,40'48.081,E,111'41.526,31.7,1068m,9,343.0
2017年5月10日,9:39:48,N,40'48.092,E,111'41.523,36.9,1068m,8,345.9
2017年5月10日,9:39:48,N,40'48.092,E,111'41.523,36.9,1069m,8,345.9
2017年5月10日,9:39:50,N,40'48.103,E,111'41.519,37.4,1069m,8,346.0
2017年5月10日,9:39:50,N,40'48.103,E,111'41.519,37.4,1070m,9,346.0
2017年5月10日,9:39:51,N,40'48.108,E,111'41.516,37.8,1070m,9,345.7
2017年5月10日,9:39:52,N,40'48.113,E,111'41.513,39.4,1070m,9,345.4
2017年5月10日,9:39:53,N,40'48.119,E,111'41.510,39.6,1070m,9,344.6
2017年5月10日,9:39:55,N,40'48.131,E,111'41.505,40.2,1070m,9,342.0
2017年5月10日,9:39:55,N,40'48.131,E,111'41.505,40.2,1069m,9,342.0
2017年5月10日,9:39:56,N,40'48.137,E,111'41.502,41.9,1069m,9,341.1
2017年5月10日,9:39:57,N,40'48.142,E,111'41.499,40.0,1070m,10,340.5
2017年5月10日,9:39:58,N,40'48.148,E,111'41.496,37.0,1070m,10,340.5
2017年5月10日,9:39:59,N,40'48.153,E,111'41.494,35.2,1070m,10,341.6
2017年5月10日,9:40:0,N,40'48.158,E,111'41.492,34.6,1070m,10,343.0
2017年5月10日,9:40:2,N,40'48.168,E,111'41.488,34.4,1070m,10,343.7
2017年5月10日,9:40:2,N,40'48.168,E,111'41.488,34.4,1069m,10,343.7
2017年5月10日,9:40:4,N,40'48.178,E,111'41.483,35.0,1069m,10,341.3
2017年5月10日,9:40:4,N,40'48.178,E,111'41.483,35.0,1070m,10,341.3
2017年5月10日,9:40:5,N,40'48.183,E,111'41.481,35.0,1069m,10,340.1
2017年5月10日,9:40:6,N,40'48.189,E,111'41.478,33.9,1069m,10,340.0
2017年5月10日,9:40:7,N,40'48.193,E,111'41.476,33.9,1069m,10,340.2
2017年5月10日,9:40:8,N,40'48.198,E,111'41.473,33.2,1069m,10,340.5
2017年5月10日,9:40:9,N,40'48.203,E,111'41.471,33.2,1070m,10,341.2
2017年5月10日,9:40:10,N,40'48.207,E,111'41.469,32.8,1070m,10,341.3
2017年5月10日,9:40:11,N,40'48.212,E,111'41.466,32.2,1070m,10,341.1
2017年5月10日,9:40:12,N,40'48.216,E,111'41.464,31.1,1070m,10,341.3
2017年5月10日,9:40:13,N,40'48.221,E,111'41.462,31.1,1070m,10,342.1
2017年5月10日,9:40:14,N,40'48.225,E,111'41.460,31.9,1070m,10,342.3
2017年5月10日,9:40:16,N,40'48.235,E,111'41.455,36.9,1071m,10,340.2
2017年5月10日,9:40:16,N,40'48.235,E,111'41.455,36.9,1070m,10,340.2
2017年5月10日,9:40:17,N,40'48.240,E,111'41.452,37.2,1071m,10,339.4
2017年5月10日,9:40:19,N,40'48.250,E,111'41.447,33.9,1071m,10,339.5
2017年5月10日,9:40:19,N,40'48.250,E,111'41.447,33.9,1071m,10,339.5
2017年5月10日,9:40:20,N,40'48.255,E,111'41.445,30.4,1071m,10,340.6
2017年5月10日,9:40:22,N,40'48.262,E,111'41.441,24.4,1071m,10,340.4
2017年5月10日,9:40:22,N,40'48.262,E,111'41.441,24.4,1071m,10,340.4
2017年5月10日,9:40:23,N,40'48.265,E,111'41.439,20.6,1071m,10,339.8
2017年5月10日,9:40:24,N,40'48.268,E,111'41.438,16.7,1071m,10,339.6
2017年5月10日,9:40:25,N,40'48.270,E,111'41.438,10.4,1071m,10,340.3
2017年5月10日,9:40:26,N,40'48.272,E,111'41.438,5.4,1070m,10,340.6
2017年5月10日,9:40:28,N,40'48.273,E,111'41.438,0.2,1070m,10,340.9
2017年5月10日,9:40:29,N,40'48.273,E,111'41.438,0.2,1070m,10,340.9
2017年5月10日,9:40:29,N,40'48.273,E,111'41.438,0.2,1070m,10,340.9
2017年5月10日,9:40:30,N,40'48.273,E,111'41.438,0.0,1070m,10,340.9
2017年5月10日,9:40:31,N,40'48.273,E,111'41.437,0.0,1070m,10,340.9
2017年5月10日,9:40:32,N,40'48.273,E,111'41.437,0.0,1070m,10,340.9
2017年5月10日,9:40:34,N,40'48.273,E,111'41.437,0.0,1070m,10,340.9
2017年5月10日,9:40:34,N,40'48.273,E,111'41.437,0.0,1070m,10,340.9
2017年5月10日,9:40:35,N,40'48.273,E,111'41.437,0.0,1070m,10,340.9
2017年5月10日,9:40:36,N,40'48.273,E,111'41.437,0.0,1070m,10,340.9
2017年5月10日,9:40:37,N,40'48.273,E,111'41.436,0.0,1070m,10,340.9
2017年5月10日,9:40:38,N,40'48.273,E,111'41.436,0.0,1070m,10,340.9
2017年5月10日,9:40:39,N,40'48.273,E,111'41.436,0.0,1070m,10,340.9
2017年5月10日,9:40:40,N,40'48.273,E,111'41.436,0.0,1070m,10,340.9
2017年5月10日,9:40:41,N,40'48.273,E,111'41.436,4.8,1070m,10,340.9
2017年5月10日,9:40:42,N,40'48.273,E,111'41.435,7.0,1070m,10,239.1
2017年5月10日,9:40:43,N,40'48.272,E,111'41.434,8.5,1069m,10,203.6
2017年5月10日,9:40:44,N,40'48.270,E,111'41.433,10.2,1069m,10,178.3
2017年5月10日,9:40:45,N,40'48.268,E,111'41.434,15.7,1068m,10,156.6
2017年5月10日,9:40:46,N,40'48.266,E,111'41.436,17.8,1068m,10,153.1
2017年5月10日,9:40:47,N,40'48.263,E,111'41.437,19.4,1067m,10,155.3
2017年5月10日,9:40:48,N,40'48.260,E,111'41.439,21.1,1066m,10,156.6
2017年5月10日,9:40:49,N,40'48.257,E,111'41.440,22.4,1065m,10,158.3
2017年5月10日,9:40:50,N,40'48.254,E,111'41.442,24.1,1065m,9,160.0
2017年5月10日,9:40:51,N,40'48.250,E,111'41.444,24.8,1064m,9,160.3
2017年5月10日,9:40:52,N,40'48.247,E,111'41.445,25.4,1064m,9,161.5
2017年5月10日,9:40:53,N,40'48.243,E,111'41.447,25.9,1063m,10,162.6
2017年5月10日,9:40:54,N,40'48.240,E,111'41.448,26.3,1062m,9,163.2
2017年5月10日,9:40:55,N,40'48.236,E,111'41.450,26.3,1062m,9,163.4
2017年5月10日,9:40:56,N,40'48.232,E,111'41.451,24.8,1061m,9,163.6
2017年5月10日,9:40:57,N,40'48.229,E,111'41.452,23.0,1060m,10,164.2
2017年5月10日,9:40:58,N,40'48.226,E,111'41.453,20.9,1060m,10,164.5
2017年5月10日,9:40:59,N,40'48.223,E,111'41.454,16.3,1059m,10,165.1
2017年5月10日,9:41:0,N,40'48.220,E,111'41.454,11.9,1058m,10,166.8
2017年5月10日,9:41:1,N,40'48.219,E,111'41.454,8.3,1058m,10,175.7
2017年5月10日,9:41:2,N,40'48.218,E,111'41.454,6.7,1058m,10,186.3
2017年5月10日,9:41:3,N,40'48.217,E,111'41.454,5.7,1057m,10,201.9
2017年5月10日,9:41:4,N,40'48.216,E,111'41.453,6.3,1057m,10,220.2
2017年5月10日,9:41:5,N,40'48.215,E,111'41.452,5.6,1056m,10,219.9
2017年5月10日,9:41:6,N,40'48.214,E,111'41.451,6.5,1056m,10,221.4
2017年5月10日,9:41:7,N,40'48.214,E,111'41.450,7.6,1055m,10,224.2
2017年5月10日,9:41:8,N,40'48.213,E,111'41.449,8.1,1055m,10,226.4
2017年5月10日,9:41:9,N,40'48.213,E,111'41.447,8.5,1055m,10,228.9
2017年5月10日,9:41:10,N,40'48.212,E,111'41.445,8.0,1054m,10,256.4
2017年5月10日,9:41:11,N,40'48.212,E,111'41.444,7.8,1054m,10,255.0
2017年5月10日,9:41:12,N,40'48.211,E,111'41.442,5.6,1054m,10,254.4
2017年5月10日,9:41:13,N,40'48.211,E,111'41.442,0.2,1053m,10,254.4
2017年5月10日,9:41:15,N,40'48.211,E,111'41.441,0.0,1054m,10,254.4
2017年5月10日,9:41:15,N,40'48.211,E,111'41.441,0.0,1054m,10,254.4
2017年5月10日,9:41:16,N,40'48.211,E,111'41.441,0.0,1054m,10,254.3
2017年5月10日,9:41:17,N,40'48.211,E,111'41.441,0.0,1054m,10,254.4
2017年5月10日,9:41:18,N,40'48.211,E,111'41.441,0.0,1054m,10,254.4
2017年5月10日,9:41:19,N,40'48.211,E,111'41.441,0.2,1054m,10,254.4
2017年5月10日,9:41:20,N,40'48.210,E,111'41.440,0.6,1054m,10,254.4
2017年5月10日,9:41:21,N,40'48.211,E,111'41.438,14.8,1054m,10,281.9
2017年5月10日,9:41:23,N,40'48.212,E,111'41.430,19.6,1053m,10,281.8
2017年5月10日,9:41:24,N,40'48.212,E,111'41.425,19.1,1053m,9,271.1
2017年5月10日,9:41:24,N,40'48.212,E,111'41.425,19.1,1053m,10,271.1
2017年5月10日,9:41:25,N,40'48.212,E,111'41.421,19.1,1053m,10,256.0
2017年5月10日,9:41:26,N,40'48.211,E,111'41.417,18.0,1053m,10,243.6
2017年5月10日,9:41:27,N,40'48.210,E,111'41.414,16.5,1052m,10,232.4
2017年5月10日,9:41:28,N,40'48.208,E,111'41.412,13.9,1052m,10,222.3
2017年5月10日,9:41:29,N,40'48.207,E,111'41.410,12.4,1052m,10,210.5
2017年5月10日,9:41:30,N,40'48.205,E,111'41.409,11.7,1053m,10,196.5
2017年5月10日,9:41:31,N,40'48.203,E,111'41.408,10.4,1053m,10,176.7
2017年5月10日,9:41:32,N,40'48.201,E,111'41.409,11.5,1052m,10,170.5
2017年5月10日,9:41:33,N,40'48.199,E,111'41.409,14.4,1052m,10,168.3
2017年5月10日,9:41:34,N,40'48.197,E,111'41.410,16.9,1052m,10,168.0
2017年5月10日,9:41:35,N,40'48.195,E,111'41.411,19.4,1051m,10,167.2
2017年5月10日,9:41:36,N,40'48.192,E,111'41.412,20.0,1051m,10,164.9
2017年5月10日,9:41:37,N,40'48.189,E,111'41.413,19.6,1051m,10,162.1
2017年5月10日,9:41:38,N,40'48.186,E,111'41.414,19.4,1051m,10,163.2
2017年5月10日,9:41:40,N,40'48.180,E,111'41.417,21.9,1051m,10,161.8
2017年5月10日,9:41:40,N,40'48.180,E,111'41.417,21.9,1050m,10,161.8
2017年5月10日,9:41:41,N,40'48.177,E,111'41.418,22.2,1050m,10,160.1
2017年5月10日,9:41:42,N,40'48.173,E,111'41.420,23.3,1049m,10,158.8
2017年5月10日,9:41:44,N,40'48.166,E,111'41.423,24.3,1049m,10,158.5
2017年5月10日,9:41:44,N,40'48.166,E,111'41.423,24.3,1049m,10,158.5
2017年5月10日,9:41:45,N,40'48.163,E,111'41.425,24.3,1048m,10,158.6
2017年5月10日,9:41:47,N,40'48.156,E,111'41.427,22.8,1048m,10,166.9
2017年5月10日,9:41:48,N,40'48.152,E,111'41.429,24.4,1047m,10,163.4
2017年5月10日,9:41:48,N,40'48.152,E,111'41.429,24.4,1047m,10,163.4
2017年5月10日,9:41:49,N,40'48.149,E,111'41.430,24.8,1046m,10,162.8
2017年5月10日,9:41:50,N,40'48.145,E,111'41.432,24.8,1046m,10,162.1
2017年5月10日,9:41:51,N,40'48.142,E,111'41.433,26.3,1046m,10,160.9
2017年5月10日,9:41:52,N,40'48.138,E,111'41.435,26.9,1046m,10,160.1
2017年5月10日,9:41:53,N,40'48.134,E,111'41.437,25.0,1045m,10,160.2
2017年5月10日,9:41:54,N,40'48.130,E,111'41.438,24.1,1045m,10,167.0
2017年5月10日,9:41:55,N,40'48.126,E,111'41.440,22.4,1045m,10,166.2
2017年5月10日,9:41:56,N,40'48.123,E,111'41.442,23.0,1045m,10,164.3
2017年5月10日,9:41:57,N,40'48.120,E,111'41.443,22.6,1044m,10,164.9
2017年5月10日,9:41:58,N,40'48.117,E,111'41.444,21.1,1044m,10,163.9
2017年5月10日,9:41:59,N,40'48.114,E,111'41.446,21.1,1044m,10,162.8
2017年5月10日,9:42:0,N,40'48.111,E,111'41.447,21.1,1043m,10,162.7
2017年5月10日,9:42:1,N,40'48.108,E,111'41.448,21.1,1043m,10,162.0
2017年5月10日,9:42:2,N,40'48.105,E,111'41.450,21.9,1043m,10,161.3
2017年5月10日,9:42:3,N,40'48.102,E,111'41.451,21.9,1042m,9,160.7
2017年5月10日,9:42:4,N,40'48.098,E,111'41.452,20.9,1042m,10,161.0
2017年5月10日,9:42:5,N,40'48.096,E,111'41.453,18.9,1042m,10,171.4
2017年5月10日,9:42:6,N,40'48.093,E,111'41.453,17.4,1042m,10,187.2
2017年5月10日,9:42:7,N,40'48.091,E,111'41.452,16.7,1041m,10,199.6
2017年5月10日,9:42:8,N,40'48.088,E,111'41.451,15.9,1041m,10,215.7
2017年5月10日,9:42:9,N,40'48.087,E,111'41.449,14.4,1041m,10,229.1
2017年5月10日,9:42:10,N,40'48.086,E,111'41.446,16.5,1041m,10,243.3
2017年5月10日,9:42:11,N,40'48.085,E,111'41.443,17.6,1042m,10,245.2
2017年5月10日,9:42:13,N,40'48.083,E,111'41.436,15.2,1042m,10,253.7
2017年5月10日,9:42:14,N,40'48.082,E,111'41.433,15.0,1042m,10,252.7
2017年5月10日,9:42:14,N,40'48.082,E,111'41.433,15.0,1041m,10,252.7
2017年5月10日,9:42:15,N,40'48.081,E,111'41.431,14.3,1041m,10,252.0
2017年5月10日,9:42:16,N,40'48.081,E,111'41.428,14.1,1041m,10,248.9
2017年5月10日,9:42:18,N,40'48.079,E,111'41.423,13.3,1041m,10,250.0
2017年5月10日,9:42:18,N,40'48.079,E,111'41.423,13.3,1041m,10,250.0
2017年5月10日,9:42:20,N,40'48.078,E,111'41.419,10.9,1041m,10,251.7
2017年5月10日,9:42:20,N,40'48.078,E,111'41.419,10.9,1042m,10,251.7
2017年5月10日,9:42:21,N,40'48.077,E,111'41.417,7.2,1042m,10,251.9
2017年5月10日,9:42:23,N,40'48.076,E,111'41.414,7.4,1042m,10,258.6
2017年5月10日,9:42:23,N,40'48.076,E,111'41.414,7.4,1042m,10,258.6
2017年5月10日,9:42:24,N,40'48.076,E,111'41.413,6.9,1042m,10,256.9
2017年5月10日,9:42:26,N,40'48.075,E,111'41.411,5.7,1042m,10,253.5
2017年5月10日,9:42:26,N,40'48.075,E,111'41.411,5.7,1043m,10,253.5
2017年5月10日,9:42:28,N,40'48.075,E,111'41.408,7.2,1043m,10,249.8
2017年5月10日,9:42:28,N,40'48.075,E,111'41.408,7.2,1044m,10,249.8
2017年5月10日,9:42:30,N,40'48.074,E,111'41.404,7.2,1044m,10,250.6
2017年5月10日,9:42:31,N,40'48.074,E,111'41.402,6.1,1044m,10,252.0
2017年5月10日,9:42:32,N,40'48.075,E,111'41.401,6.1,1045m,10,255.6
2017年5月10日,9:42:32,N,40'48.075,E,111'41.401,6.1,1045m,10,255.6
2017年5月10日,9:42:33,N,40'48.076,E,111'41.400,8.0,1046m,10,260.9
2017年5月10日,9:42:35,N,40'48.078,E,111'41.400,5.0,1046m,10,354.6
2017年5月10日,9:42:35,N,40'48.078,E,111'41.400,5.0,1047m,10,354.6
2017年5月10日,9:42:37,N,40'48.079,E,111'41.401,5.0,1047m,10,354.6
2017年5月10日,9:42:37,N,40'48.079,E,111'41.401,5.0,1047m,10,354.6
2017年5月10日,9:42:39,N,40'48.080,E,111'41.402,4.6,1048m,10,354.6
2017年5月10日,9:42:39,N,40'48.080,E,111'41.402,4.6,1048m,10,354.6
2017年5月10日,9:42:40,N,40'48.080,E,111'41.403,3.1,1048m,10,354.6
2017年5月10日,9:42:41,N,40'48.080,E,111'41.403,3.1,1049m,10,354.6
2017年5月10日,9:42:42,N,40'48.080,E,111'41.404,3.0,1049m,10,354.6
2017年5月10日,9:42:44,N,40'48.080,E,111'41.405,2.6,1049m,10,354.6
2017年5月10日,9:42:44,N,40'48.080,E,111'41.405,2.6,1049m,10,354.6
2017年5月10日,9:42:45,N,40'48.081,E,111'41.405,2.8,1049m,10,354.6
2017年5月10日,9:42:47,N,40'48.081,E,111'41.407,2.2,1049m,10,354.6
2017年5月10日,9:42:47,N,40'48.081,E,111'41.407,2.2,1049m,10,354.6
2017年5月10日,9:42:49,N,40'48.081,E,111'41.407,0.7,1050m,10,354.6
2017年5月10日,9:42:50,N,40'48.081,E,111'41.407,0.0,1050m,10,354.6
2017年5月10日,9:42:50,N,40'48.081,E,111'41.407,0.0,1050m,10,354.6
2017年5月10日,9:42:52,N,40'48.081,E,111'41.408,0.0,1050m,10,354.6
2017年5月10日,9:42:53,N,40'48.081,E,111'41.408,0.0,1050m,10,354.6
2017年5月10日,9:42:53,N,40'48.081,E,111'41.408,0.0,1050m,10,354.6
2017年5月10日,9:42:55,N,40'48.081,E,111'41.408,0.0,1050m,10,354.6
2017年5月10日,9:42:56,N,40'48.081,E,111'41.408,0.0,1050m,10,354.6
2017年5月10日,9:42:56,N,40'48.081,E,111'41.408,0.0,1050m,10,354.6
2017年5月10日,9:42:58,N,40'48.081,E,111'41.408,0.0,1050m,10,354.6
2017年5月10日,9:42:58,N,40'48.081,E,111'41.408,0.0,1050m,10,354.6
2017年5月10日,9:43:0,N,40'48.081,E,111'41.408,0.0,1050m,9,354.6
2017年5月10日,9:43:0,N,40'48.081,E,111'41.408,0.0,1050m,9,354.6
2017年5月10日,9:43:2,N,40'48.081,E,111'41.408,0.0,1050m,9,354.6
2017年5月10日,9:43:3,N,40'48.081,E,111'41.408,0.0,1050m,9,354.6
2017年5月10日,9:43:3,N,40'48.081,E,111'41.408,0.0,1050m,9,354.6
2017年5月10日,9:43:5,N,40'48.081,E,111'41.408,0.0,1050m,9,354.6
2017年5月10日,9:43:5,N,40'48.081,E,111'41.408,0.0,1050m,9,354.6
2017年5月10日,9:43:6,N,40'48.081,E,111'41.408,0.0,1050m,9,354.6
2017年5月10日,9:43:7,N,40'48.081,E,111'41.408,0.0,1050m,9,354.6
2017年5月10日,9:43:9,N,40'48.081,E,111'41.408,0.0,1050m,9,354.6
2017年5月10日,9:43:10,N,40'48.081,E,111'41.408,0.0,1050m,9,354.6
2017年5月10日,9:43:10,N,40'48.081,E,111'41.408,0.0,1050m,9,354.6
